feature,gain,split,gain_norm,split_norm,shap_importance
AvgTxnAmtLast24h,8156022.355917925,885,0.5892123710383418,0.04652996845425868,0.2566535111284702
BotLikelihoodScore,2571388.03623904,1193,0.18576379214957572,0.06272344900105152,0.3828959251610452
amt,919594.9362746002,593,0.0664339415896842,0.03117770767613039,0.3455753418992123
SessionDurationSec,684897.29348078,518,0.04947877048384274,0.02723449001051525,0.6686626176556132
CheckoutTimeSec,279640.34039380867,795,0.020201949039760952,0.0417981072555205,0.9806658629715524
IsNewDevice_x_IPRisk,155682.23295461852,189,0.011246891389547993,0.009936908517350157,0.010509222452389468
MerchantAmountZScore,136856.13048162404,1051,0.009886844544228201,0.05525762355415352,0.28745654325365855
InteractionComplexityScore,132409.81492536236,840,0.009565631087844197,0.04416403785488959,0.6280230358717748
PagesViewed,126238.10508960579,490,0.00911977063933179,0.02576235541535226,0.5290460532911684
MerchantFraudRate_Train,122326.17608784512,361,0.0088371626642827,0.018980021030494218,0.13624783675587152
IsNewDevice,104549.15477566794,249,0.0075529041838302904,0.013091482649842272,0.04375131188775032
TransactionHour,57607.449818370864,369,0.004161712733943879,0.019400630914826498,0.33442295802384203
RiskSignalWeightedScore,51365.62534811534,433,0.003710787020988243,0.022765509989484754,0.10918553502493143
log_amt,45005.570709344,274,0.003251320051660385,0.014405888538380651,0.12694652403016726
TxnAmount_24h,31636.136493187398,599,0.0022854771824059894,0.0314931650893796,0.14087481111097053
TimeOfDayDeviation,30339.32544720918,640,0.0021917921631839517,0.033648790746582544,0.246845241494969
AmountPercentileRank,26661.586354282685,231,0.00192610267921248,0.012145110410094638,0.01914851292975643
IPRiskScore,23598.279502440244,554,0.0017048013861768573,0.029127234490010517,0.2717023330956984
SharedMerchantFraudRate,19239.218474947847,295,0.001389891424993878,0.015509989484752892,0.10331305965654253
CategoryDeviationScore,15164.86655879952,325,0.0010955495941115149,0.01708727655099895,0.04899558368959042
MerchantCategory,13146.453266776167,308,0.0009497341427027212,0.01619348054679285,0.11990788154492597
MerchantFraudRate,10778.882376878522,205,0.0007786946338880171,0.010778128286014722,0.04602788941547212
TotalLoginAttempts,8821.083565406501,278,0.0006372581309722953,0.014616193480546793,0.10560361835039625
MerchantRiskScore,8081.954581635073,203,0.0005838615214454558,0.010672975814931651,0.01963619050545015
SpendBurstScore,6909.469584517181,47,0.0004991581409235219,0.0024710830704521556,0.007849168384761573
TotalDistinctMerchants,6851.464848916978,327,0.0004949677272263782,0.01719242902208202,0.10515125559813235
TxnAmount_1h,5978.64367550239,124,0.0004319128445105501,0.006519453207150368,0.021954568629787896
AmountDeviation_30d,5606.922952402383,169,0.00040505876796882495,0.008885383806519454,0.03996423982722006
IPCountryMismatch,4934.1914112865925,66,0.00035645888323144407,0.003470031545741325,0.08137341328543894
AmountZScore,4618.611846785061,181,0.0003336605907137346,0.009516298633017875,0.06172992176786594
Bot_x_Velocity,4305.727775944397,103,0.0003110570277028522,0.005415352260778128,0.018857398702190564
TxnAmount_7d,4165.997800138779,303,0.00030096256906152446,0.015930599369085172,0.08745147131218635
DaysSinceFirstTxn,3945.3092863587663,221,0.0002850194540489842,0.011619348054679285,0.08928843065668828
IP_Country,3849.1061177169904,193,0.00027806948571599,0.010147213459516299,0.11846398973688121
AmtToMaxRatio,3212.9983693826944,231,0.00023211539948669483,0.012145110410094638,0.029142346909102366
TimeSinceLastTxnSec,3147.433553604409,229,0.00022737882583895528,0.012039957939011567,0.09901185488241228
log_TxnAmount_7d,3001.851345585659,184,0.00021686158664753933,0.00967402733964248,0.15657125428060825
DaysSinceAccountCreation,2942.2279956964776,205,0.00021255424002385544,0.010778128286014722,0.024314345801037435
InterArrivalEntropy,2929.5802520429716,200,0.0002116405339670102,0.010515247108307046,0.06451531956931249
Rule_NewDeviceHighAmount,2884.180712841451,48,0.00020836075260182468,0.002523659305993691,0.0006062094293456872
TxnCount_7d,2572.213176511228,253,0.00018582340243937124,0.013301787592008412,0.12548866522002897
log_TimeSinceLastTxn,2452.507137235254,261,0.0001771755253061964,0.013722397476340693,0.15438307812324717
RiskSignalCount,2344.959399504587,111,0.0001694059956527966,0.00583596214511041,0.032127588112292424
ChargebackRatio,2138.51398343686,187,0.0001544918392438209,0.009831756046267088,0.060929337749951254
FraudFlagHistory,2075.3452591318637,153,0.00014992836550637977,0.008044164037854889,0.0414473776763841
DaysSincePasswordChange,1824.6272402573377,143,0.00013181584056266052,0.007518401682439537,0.34013531384432577
AddressRiskScore,1757.6250252239406,146,0.00012697542543603895,0.007676130389064143,0.01730026709887261
EmailRiskScore,1676.7586664753035,84,0.00012113342833300881,0.004416403785488959,0.060191707780456793
Rule_CountryMismatch,1651.5984975099564,29,0.00011931579196997938,0.0015247108307045215,0.040912517274575184
IsVPN_x_AmtZScore,1603.5618107561022,46,0.00011584549617333683,0.00241850683491062,0.007181293900788273
IdentityConfidenceScore,1507.2600392773747,165,0.00010888840451369934,0.008675078864353312,0.021380580483096517
LongDeltaFromLastTxn,1403.3493051277474,113,0.00010138162150442863,0.005941114616193481,0.03362041476750402
IsHighRiskCategory,1088.3594903983176,20,7.862593405158726e-05,0.0010515247108307045,0.02043446419777471
AddressConsistencyScore,1047.7412452064455,164,7.569156586173619e-05,0.008622502628811778,0.024509205579782097
AccountAgeDays,989.5916280820966,121,7.149068554463543e-05,0.006361724500525762,0.09620113384839393
SSNMatchScore,961.7376625966281,122,6.947844228066194e-05,0.006414300736067298,0.020559033919818646
VelocityAcceleration,953.2035948820412,50,6.886191892487873e-05,0.0026288117770767614,0.02495886907938513
HistoricalVelocityScore,943.8847837895155,152,6.81887036565192e-05,0.007991587802313354,0.024012874509294572
IsTor,927.3189769983292,4,6.699194647861426e-05,0.0002103049421661409,0.0009036847972983446
PhoneAgeDays,888.855720394291,123,6.421326029648561e-05,0.006466876971608833,0.019089299463990638
DistanceFromLastTxn,853.5255180299282,105,6.166091414097685e-05,0.005520504731861199,0.021096481300924983
LatDeltaFromLastTxn,849.5639920588583,119,6.137472315124147e-05,0.0062565720294426915,0.009638316123331207
IsProxy,821.6077500283718,44,5.9355091162352586e-05,0.00231335436382755,0.05131472334891017
Rule_BotLikely,676.0935402289033,30,4.8842764340013215e-05,0.0015772870662460567,0.00018232044911909063
LoginFailureRate,659.0928733767942,119,4.7614591734785386e-05,0.0062565720294426915,0.04576304294887456
DomainReputationScore,620.113172005862,84,4.479859623295003e-05,0.004416403785488959,0.018713355737729385
DeviceTrustScore,565.1905564107001,133,4.0830842940197976e-05,0.006992639327024185,0.03432531676121201
DistanceFromHome,554.7329548317939,150,4.007535847083397e-05,0.007886435331230283,0.014773892142598163
TxnCount_24h,495.53546160738915,83,3.57987768456047e-05,0.004363827549947423,0.023931859574572282
EmailAgeDays,483.9776649978012,149,3.496381141182644e-05,0.007833859095688749,0.10685973919670068
PhoneRiskScore,460.2040395317599,110,3.32463425749663e-05,0.0057833859095688745,0.014606182800516046
IsWeekend,439.1593521684408,9,3.1726019358821025e-05,0.00047318611987381704,0.0032052833514910374
DeviceChangeFrequency,422.41294514387846,151,3.0516215148052034e-05,0.00793901156677182,0.029386721545944613
IsFirstTimeAtMerchant,421.3871270418167,15,3.0442107367347964e-05,0.0007886435331230284,0.017245044955550445
MerchantVisitRank,385.08660706318915,51,2.7819662931426035e-05,0.0026813880126182964,0.027670706272577797
TxnCount_6h,344.78857209160924,36,2.4908427564769376e-05,0.0018927444794952682,0.01572001875495278
GeoConsistencyScore,341.59401295892894,150,2.4677644263933646e-05,0.007886435331230283,0.018675676231572298
TxnCount_1h,267.9290974214673,8,1.93558982397e-05,0.0004206098843322818,0.0027951451958692503
TotalDistinctCategories,243.57080064713955,15,1.7596191219470534e-05,0.0007886435331230284,0.0006837178039761647
NumAccountsOnDevice,241.4586234856397,44,1.7443602021075636e-05,0.00231335436382755,0.020552439582150445
Rule_NewAccount,151.15499877929688,1,1.0919832160639484e-05,5.257623554153522e-05,5.775999530952836e-05
DayOfWeek,124.82723395526409,58,9.017845621226384e-06,0.003049421661409043,0.030913756370785576
IsVPN,119.62518781423569,23,8.642036212270781e-06,0.00120925341745531,0.006194643020656105
Rule_VPNorTor,79.70012337062508,12,5.757745211326015e-06,0.0006309148264984228,0.009639100061972019
SyntheticIdentityFlag,77.0681444182992,5,5.567604173041869e-06,0.0002628811777076761,0.0037254815392825363
log_DistanceFromHome,67.77874615043402,37,4.896513764007268e-06,0.0019453207150368034,0.0028787259648840853
CreditScoreOrdinal,60.54603157937527,17,4.374003560444019e-06,0.0008937960042060989,0.009067602087423894
IsNightTxn,50.51882076263428,3,3.649611644579986e-06,0.0001577287066246057,0.0014645728161835347
PreviousFraudFlag,50.20103184133768,17,3.626653742353171e-06,0.0008937960042060989,0.017106194508471083
ChargebackCount,44.86348206549883,28,3.2410551966754193e-06,0.0014721345951629863,0.0074708319940177004
MerchantCountry,43.7531206458807,31,3.160839785754189e-06,0.001629863301787592,0.004927040791880509
IdentityVerificationStatus,40.11761614866555,9,2.898201439358483e-06,0.00047318611987381704,0.001926372414676904
CarrierType,29.579281121492386,8,2.1368845746920085e-06,0.0004206098843322818,0.004269365698315203
IsVOIP,6.186384797096252,2,4.469206060731051e-07,0.00010515247108307045,0.001348310233784088
Rule_SyntheticIdentity,3.337430000305176,2,2.4110466571091077e-07,0.00010515247108307045,0.002455227435818685
Rule_HighChargebacks,2.4539599418640137,1,1.772804797095332e-07,5.257623554153522e-05,0.0052999995614863744
DeviceBlacklisted,1.22673499584198,3,8.862254221401217e-08,0.0001577287066246057,0.004149473872396988
IsCommercialAddress,0.9790779948234558,1,7.073115320028666e-08,5.257623554153522e-05,7.55990861189591e-05
IsDisposableEmailDomain,0.9278870224952698,1,6.703298356991983e-08,5.257623554153522e-05,0.00023115406696790108
IsHighAmount,0.0,0,0.0,0.0,0.0
IsDisposableEmail,0.0,0,0.0,0.0,0.0
IsFirstTxn,0.0,0,0.0,0.0,0.0
SuspiciousGeoSpeed,0.0,0,0.0,0.0,0.0
Rule_HighVelocity,0.0,0,0.0,0.0,0.0
ImpossibleTravelFlag,0.0,0,0.0,0.0,0.0
Rule_VOIPPhone,0.0,0,0.0,0.0,0.0
Rule_DisposableEmail,0.0,0,0.0,0.0,0.0
LinkedFraudAccounts,0.0,0,0.0,0.0,0.0
NullPwdChange,0.0,0,0.0,0.0,0.0
DeviceClusterSize,0.0,0,0.0,0.0,0.0
DaysSincePasswordChangeBucket,0.0,0,0.0,0.0,0.0
HasPasswordChange,0.0,0,0.0,0.0,0.0
